0,5gpsc
1,wjxci
1,rc1in
0,ibvx8
1,yljm5
1,ibvx8
1,hpbxa
1,wjxci
1,7swyk
1,e4gay
1,ef5rq
1,ef5rq
0,7swyk
0,8a1ep
1,f3j25
1,tn4vl
0,2nxs5
0,8a1ep
0,2nxs5
1,1mpau
0,ef5rq
1,yljm5
1,2nxs5
0,ef5rq
0,5gpsc
1,iz2ps
1,e4gay
1,2nxs5
1,yljm5
1,e4gay
1,iz2ps
0,tn4vl
0,1mpau
0,b7mrd
1,b7mrd
1,wjxci
1,b7mrd
1,c24ur
0,1mpau
0,tn4vl
0,2nxs5
1,wjxci
1,f3j25
0,dkhty
1,b7mrd
1,7swyk
0,5gpsc
1,2nxs5
0,1mpau
1,ibvx8
0,wjxci
1,7swyk
0,c24ur
0,yljm5
1,b7mrd
0,c24ur
0,b7mrd
1,2nxs5
1,hpbxa
1,f3j25
0,1mpau
0,2nxs5
0,iz2ps
1,tn4vl
1,c24ur
1,ibvx8
1,f3j25
1,7swyk
0,b7mrd
1,f3j25
0,b7mrd
1,ef5rq
1,ef5rq
1,iz2ps
1,e4gay
0,dkhty
0,hpbxa
0,e4gay
0,5gpsc
0,e4gay
1,dkhty
1,7swyk
0,2nxs5
1,e4gay
0,wjxci
1,7swyk
0,7swyk
1,e4gay
0,iz2ps
1,tn4vl
0,ibvx8
1,b7mrd
0,wjxci
0,dkhty
1,f3j25
1,1mpau
0,7swyk
1,ibvx8
0,iz2ps
0,yljm5
1,ibvx8
0,2nxs5
1,e4gay
0,yljm5
0,ibvx8
0,7swyk
0,f3j25
1,1mpau
1,2nxs5
1,c24ur
1,wjxci
1,rc1in
0,b7mrd
0,2nxs5
0,tn4vl
0,iz2ps
1,tn4vl
1,wjxci
0,ef5rq
1,dkhty
1,8a1ep
0,wjxci
1,c24ur
1,8a1ep
0,ibvx8
1,b7mrd
0,yljm5
0,dkhty
1,iz2ps
1,c24ur
1,1mpau
0,ef5rq
1,rc1in
0,7swyk
0,ibvx8
0,dkhty
1,7swyk
1,ibvx8
1,2nxs5
1,b7mrd
1,yljm5
0,f3j25
1,c24ur
1,7swyk
0,2nxs5
1,rc1in
1,b7mrd
0,rc1in
1,b7mrd
0,e4gay
1,5gpsc
0,ef5rq
1,hpbxa
0,yljm5
1,ef5rq
0,ef5rq
0,hpbxa
1,dkhty
1,ibvx8
0,rc1in
1,b7mrd
1,yljm5
0,5gpsc
1,b7mrd
0,ef5rq
1,7swyk
0,e4gay
0,tn4vl
0,c24ur
0,rc1in
1,tn4vl
0,c24ur
1,yljm5
0,rc1in
1,c24ur
0,ibvx8
0,e4gay
0,8a1ep
0,iz2ps
0,f3j25
1,c24ur
0,f3j25
0,c24ur
0,e4gay
1,8a1ep
1,tn4vl
1,8a1ep
0,b7mrd
0,f3j25
0,dkhty
1,yljm5
0,ibvx8
1,7swyk
0,wjxci
1,ibvx8
0,ibvx8
1,b7mrd
0,b7mrd
0,yljm5
0,8a1ep
0,yljm5
1,yljm5
0,7swyk
0,ef5rq
0,c24ur
1,yljm5
1,5gpsc
0,c24ur
1,c24ur
1,2nxs5
0,7swyk
1,e4gay
0,e4gay
0,iz2ps
1,7swyk
1,ef5rq
0,dkhty
1,dkhty
0,ef5rq
0,2nxs5
0,ibvx8
0,5gpsc
1,f3j25
0,f3j25
1,f3j25
1,f3j25
0,e4gay
0,ef5rq
1,5gpsc
0,ef5rq
0,1mpau
0,b7mrd
0,5gpsc
0,f3j25
0,c24ur
0,5gpsc
0,c24ur
0,2nxs5
0,wjxci
0,yljm5
1,5gpsc
0,c24ur
0,f3j25
0,iz2ps
0,1mpau
1,5gpsc
1,dkhty
1,5gpsc
1,wjxci
1,tn4vl
1,ef5rq
0,e4gay
0,f3j25
0,tn4vl
0,yljm5
1,ef5rq
0,tn4vl
1,tn4vl
1,5gpsc
0,ef5rq
1,rc1in
0,8a1ep
1,iz2ps
1,5gpsc
0,ef5rq
1,iz2ps
0,e4gay
1,dkhty
1,rc1in
0,f3j25
0,5gpsc
1,dkhty
1,dkhty
0,ibvx8
0,7swyk
0,ef5rq
0,iz2ps
0,b7mrd
0,rc1in
1,8a1ep
0,wjxci
1,2nxs5
1,e4gay
1,ibvx8
0,2nxs5
1,yljm5
0,8a1ep
1,5gpsc
0,b7mrd
0,yljm5
0,wjxci
1,7swyk
1,dkhty
0,2nxs5
1,e4gay
1,dkhty
1,tn4vl
0,1mpau
0,ef5rq
0,rc1in
0,2nxs5
0,tn4vl
0,yljm5
0,b7mrd
1,f3j25
0,7swyk
1,hpbxa
0,wjxci
1,2nxs5
0,wjxci
1,c24ur
0,f3j25
0,5gpsc
1,wjxci
1,5gpsc
1,yljm5
0,iz2ps
0,5gpsc
0,f3j25
1,dkhty
1,ef5rq
0,5gpsc
1,2nxs5
1,7swyk
0,tn4vl
0,yljm5
0,wjxci
0,wjxci
0,iz2ps
0,1mpau
0,tn4vl
0,2nxs5
0,c24ur
0,2nxs5
0,f3j25
1,f3j25
1,c24ur
1,c24ur
1,ibvx8
1,7swyk
1,1mpau
0,7swyk
1,7swyk
0,iz2ps
0,1mpau
0,c24ur
1,1mpau
0,e4gay
1,5gpsc
0,dkhty
1,rc1in
0,f3j25
0,ef5rq
0,8a1ep
0,c24ur
0,c24ur
0,dkhty
0,hpbxa
1,dkhty
0,1mpau
1,c24ur
0,5gpsc
0,f3j25
1,yljm5
1,wjxci
1,c24ur
1,ef5rq
1,2nxs5
1,rc1in
1,yljm5
1,dkhty
0,2nxs5
1,hpbxa
1,yljm5
0,5gpsc
1,rc1in
1,iz2ps
1,ef5rq
1,f3j25
1,1mpau
0,e4gay
0,e4gay
0,tn4vl
0,e4gay
0,c24ur
1,rc1in
0,1mpau
1,c24ur
1,wjxci
0,dkhty
1,7swyk
0,dkhty
1,5gpsc
1,iz2ps
0,f3j25
1,5gpsc
0,7swyk
1,5gpsc
0,8a1ep
0,ibvx8
0,iz2ps
1,e4gay
0,wjxci
1,1mpau
0,dkhty
0,ibvx8
1,iz2ps
0,tn4vl
1,e4gay
1,1mpau
1,2nxs5
0,f3j25
1,1mpau
1,wjxci
0,iz2ps
1,ef5rq
0,yljm5
1,ibvx8
1,f3j25
1,wjxci
1,wjxci
1,iz2ps
0,ibvx8
0,wjxci
0,5gpsc
0,rc1in
0,1mpau
1,2nxs5
1,wjxci
1,f3j25
1,8a1ep
1,iz2ps
1,ibvx8
1,yljm5
1,rc1in
1,hpbxa
1,f3j25
0,rc1in
1,rc1in
0,rc1in
1,8a1ep
1,b7mrd
0,tn4vl
0,2nxs5
1,e4gay
0,rc1in
1,iz2ps
0,yljm5
1,5gpsc
1,ibvx8
1,rc1in
0,dkhty
0,5gpsc
0,ibvx8
0,f3j25
0,7swyk
1,rc1in
0,yljm5
1,ef5rq
1,f3j25
0,1mpau
1,ibvx8
0,dkhty
0,f3j25
0,wjxci
0,yljm5
0,iz2ps
0,e4gay
0,1mpau
1,c24ur
0,yljm5
1,rc1in
0,iz2ps
0,wjxci
0,yljm5
1,ibvx8
1,yljm5
1,dkhty
1,2nxs5
0,hpbxa
1,1mpau
0,c24ur
0,dkhty
1,tn4vl
0,7swyk
1,1mpau
0,7swyk
1,1mpau
1,iz2ps
1,5gpsc
1,f3j25
1,b7mrd
1,2nxs5
0,ibvx8
1,tn4vl
1,tn4vl
0,iz2ps
0,1mpau
1,wjxci
1,iz2ps
0,f3j25
1,wjxci
0,yljm5
1,e4gay
0,ef5rq
0,b7mrd
0,dkhty
0,7swyk
0,iz2ps
1,wjxci
1,iz2ps
1,ibvx8
0,c24ur
1,5gpsc
1,ef5rq
0,rc1in
0,tn4vl
0,1mpau
1,wjxci
0,rc1in
0,wjxci
1,c24ur
1,2nxs5
1,2nxs5
0,7swyk
1,1mpau
0,rc1in
1,tn4vl
0,1mpau
1,e4gay
1,7swyk
1,ef5rq
0,yljm5
0,hpbxa
1,rc1in
0,ef5rq
1,e4gay
0,5gpsc
1,hpbxa
0,rc1in
0,2nxs5
1,rc1in
0,tn4vl
1,dkhty
0,e4gay
1,5gpsc
0,hpbxa
1,1mpau
1,8a1ep
1,wjxci
0,e4gay
1,dkhty
1,e4gay
0,7swyk
0,c24ur
1,f3j25
0,c24ur
1,5gpsc
0,tn4vl
0,wjxci
1,7swyk
0,ibvx8
1,1mpau
0,rc1in
1,ibvx8
1,dkhty
1,f3j25
0,iz2ps
0,1mpau
1,b7mrd
0,5gpsc
1,iz2ps
1,e4gay
1,yljm5
0,ef5rq
1,7swyk
1,yljm5
0,dkhty
0,8a1ep
1,rc1in
1,ef5rq
0,rc1in
0,dkhty
0,5gpsc
1,5gpsc
1,c24ur
0,rc1in
1,1mpau
0,iz2ps
1,tn4vl
1,b7mrd
1,c24ur
1,tn4vl
1,ef5rq
0,1mpau
1,tn4vl
1,ibvx8
1,8a1ep
1,iz2ps
0,tn4vl
0,2nxs5
1,yljm5
0,5gpsc
1,hpbxa
0,c24ur
0,rc1in
0,e4gay
1,tn4vl
0,e4gay
0,b7mrd
0,tn4vl
1,iz2ps
1,2nxs5
1,dkhty
0,ibvx8
1,5gpsc
0,8a1ep
1,e4gay
1,rc1in
1,tn4vl
1,iz2ps
1,dkhty
1,1mpau
1,1mpau
0,rc1in
1,2nxs5
0,b7mrd
0,ef5rq
1,ef5rq
0,2nxs5
0,wjxci
0,b7mrd
